variant,type,shape,n,elem_bytes,input_bytes,heap_peak,usable_peak,allocations,rss_aux,stack_bytes,workspace_bytes,heap_per_input,rss_per_input,ms,ok
v010,u64,sorted,1000000,8,8000000,26250000,26275728,7,27041792,815,0,3.2812,3.3802,23.734,ok
v011,u64,sorted,1000000,8,8000000,0,0,0,933888,0,0,0.0000,0.1167,0.947,ok
v011s,u64,sorted,1000000,8,8000000,0,0,0,933888,0,0,0.0000,0.1167,1.008,ok
std,u64,sorted,1000000,8,8000000,0,0,0,933888,495,0,0.0000,0.1167,14.841,ok
v010,u64,reversed,1000000,8,8000000,26250000,26275728,7,27041792,815,0,3.2812,3.3802,21.581,ok
v011,u64,reversed,1000000,8,8000000,0,0,0,933888,0,0,0.0000,0.1167,2.389,ok
v011s,u64,reversed,1000000,8,8000000,0,0,0,933888,0,0,0.0000,0.1167,3.688,ok
std,u64,reversed,1000000,8,8000000,0,0,0,933888,495,0,0.0000,0.1167,15.582,ok
v010,u64,nearly_sorted,1000000,8,8000000,26250000,26275728,7,27025408,815,0,3.2812,3.3782,25.456,ok
v011,u64,nearly_sorted,1000000,8,8000000,8500008,8507360,2,9015296,583,8500008,1.0625,1.1269,12.373,ok
v011s,u64,nearly_sorted,1000000,8,8000000,8500008,8507360,2,9015296,607,8500008,1.0625,1.1269,13.450,ok
std,u64,nearly_sorted,1000000,8,8000000,0,0,0,933888,687,0,0.0000,0.1167,16.155,ok
v010,u64,duplicates,1000000,8,8000000,24000360,24011136,7,24743936,815,0,3.0000,3.0930,25.095,ok
v011,u64,duplicates,1000000,8,8000000,20,40,1,933888,351,20,0.0000,0.1167,2.594,ok
v011s,u64,duplicates,1000000,8,8000000,20,40,1,933888,351,20,0.0000,0.1167,3.639,ok
std,u64,duplicates,1000000,8,8000000,0,0,0,933888,495,0,0.0000,0.1167,26.583,ok
v010,u64,low_entropy,1000000,8,8000000,32478832,32719992,26542,33353728,2375,0,4.0599,4.1692,130.589,ok
v011,u64,low_entropy,1000000,8,8000000,8500008,8507360,2,9076736,2383,8500008,1.0625,1.1346,49.618,ok
v011s,u64,low_entropy,1000000,8,8000000,8500008,8507360,2,9076736,2223,8500008,1.0625,1.1346,54.103,ok
std,u64,low_entropy,1000000,8,8000000,0,0,0,933888,639,0,0.0000,0.1167,72.530,ok
v010,u64,adversarial,1000000,8,8000000,26250000,26250168,7,26910720,815,0,3.2812,3.3638,51.054,ok
v011,u64,adversarial,1000000,8,8000000,8500008,8500048,2,9121792,2103,8500008,1.0625,1.1402,79.490,ok
v011s,u64,adversarial,1000000,8,8000000,8500008,8500048,2,9121792,2207,8500008,1.0625,1.1402,71.644,ok
std,u64,adversarial,1000000,8,8000000,0,0,0,933888,639,0,0.0000,0.1167,112.901,ok
v010,u64,worst_case,1000000,8,8000000,33034320,33060904,3292,33869824,2055,0,4.1293,4.2337,79.495,ok
v011,u64,worst_case,1000000,8,8000000,8500008,8500048,2,9125888,1495,8500008,1.0625,1.1407,46.653,ok
v011s,u64,worst_case,1000000,8,8000000,8500008,8500048,2,9125888,1567,8500008,1.0625,1.1407,36.674,ok
std,u64,worst_case,1000000,8,8000000,0,0,0,933888,639,0,0.0000,0.1167,76.730,ok
v010,u64,sorted_tail,1000000,8,8000000,26250000,26275728,7,27041792,815,0,3.2812,3.3802,26.497,ok
v011,u64,sorted_tail,1000000,8,8000000,85008,85056,2,1118208,551,85008,0.0106,0.1398,3.059,ok
v011s,u64,sorted_tail,1000000,8,8000000,85008,85056,2,1052672,559,85008,0.0106,0.1316,3.175,ok
std,u64,sorted_tail,1000000,8,8000000,0,0,0,933888,1631,0,0.0000,0.1167,73.476,ok
v010,u64,organ_pipe,1000000,8,8000000,26250000,26250168,7,26910720,815,0,3.2812,3.3638,29.821,ok
v011,u64,organ_pipe,1000000,8,8000000,3999992,4000008,1,4902912,383,3999992,0.5000,0.6129,5.457,ok
v011s,u64,organ_pipe,1000000,8,8000000,3999992,4000008,1,4902912,383,3999992,0.5000,0.6129,5.611,ok
std,u64,organ_pipe,1000000,8,8000000,0,0,0,933888,1631,0,0.0000,0.1167,100.186,ok
v010,u64,clustered,1000000,8,8000000,26256464,26282248,10,26955776,815,0,3.2821,3.3695,35.644,ok
v011,u64,clustered,1000000,8,8000000,8500008,8507360,2,8945664,351,8500008,1.0625,1.1182,15.869,ok
v011s,u64,clustered,1000000,8,8000000,8500008,8507360,2,8945664,351,8500008,1.0625,1.1182,15.546,ok
std,u64,clustered,1000000,8,8000000,0,0,0,933888,495,0,0.0000,0.1167,38.715,ok
v010,u64,whole_universe,1000000,8,8000000,26250000,26275728,7,27041792,815,0,3.2812,3.3802,48.610,ok
v011,u64,whole_universe,1000000,8,8000000,8500008,8507360,2,9015296,583,8500008,1.0625,1.1269,29.332,ok
v011s,u64,whole_universe,1000000,8,8000000,8500008,8507360,2,9015296,607,8500008,1.0625,1.1269,31.282,ok
std,u64,whole_universe,1000000,8,8000000,0,0,0,933888,735,0,0.0000,0.1167,91.214,ok
v010,u64,binary,1000000,8,8000000,24000144,24010944,7,24743936,815,0,3.0000,3.0930,21.556,ok
v011,u64,binary,1000000,8,8000000,8,24,1,933888,351,8,0.0000,0.1167,3.445,ok
v011s,u64,binary,1000000,8,8000000,8,24,1,933888,351,8,0.0000,0.1167,6.430,ok
std,u64,binary,1000000,8,8000000,0,0,0,933888,543,0,0.0000,0.1167,16.010,ok
