type,shape,n,mode,ms,ratio_to_first,aux_bytes_per_elem,aux_bytes,ok
u32,random,10000000,unl,366.558,1.0000,4.2500,42500008,ok
u32,random,10000000,b16m,250.346,0.6830,1.6777,16777216,ok
u32,random,10000000,b1m,259.458,0.7078,0.1049,1048576,ok
u32,random,10000000,std,898.998,2.4525,0.0000,0,ok
u32,nearly_sorted,10000000,unl,145.845,1.0000,4.2500,42500008,ok
u32,nearly_sorted,10000000,b16m,135.905,0.9318,1.6777,16777216,ok
u32,nearly_sorted,10000000,b1m,128.628,0.8819,0.1049,1048576,ok
u32,nearly_sorted,10000000,std,193.903,1.3295,0.0000,0,ok
u32,duplicates,10000000,unl,24.824,1.0000,0.0000,20,ok
u32,duplicates,10000000,b16m,24.672,0.9939,0.0000,20,ok
u32,duplicates,10000000,b1m,24.548,0.9889,0.0000,20,ok
u32,duplicates,10000000,std,214.694,8.6487,0.0000,0,ok
f32,random,10000000,unl,390.378,1.0000,4.2500,42500008,ok
f32,random,10000000,b16m,338.426,0.8669,1.6777,16777216,ok
f32,random,10000000,b1m,343.154,0.8790,0.1049,1048576,ok
f32,random,10000000,std,1130.444,2.8958,0.0000,0,ok
f32,nearly_sorted,10000000,unl,187.665,1.0000,4.2500,42500008,ok
f32,nearly_sorted,10000000,b16m,186.665,0.9947,1.6777,16777216,ok
f32,nearly_sorted,10000000,b1m,192.179,1.0241,0.1049,1048576,ok
f32,nearly_sorted,10000000,std,298.403,1.5901,0.0000,0,ok
f32,duplicates,10000000,unl,83.037,1.0000,4.2500,42500008,ok
f32,duplicates,10000000,b16m,101.311,1.2201,1.6777,16777216,ok
f32,duplicates,10000000,b1m,105.731,1.2733,0.1049,1048576,ok
f32,duplicates,10000000,std,361.628,4.3550,0.0000,0,ok
f64,random,10000000,unl,410.065,1.0000,8.2500,82500008,ok
f64,random,10000000,b16m,389.059,0.9488,1.6777,16777216,ok
f64,random,10000000,b1m,387.002,0.9438,0.1049,1048576,ok
f64,random,10000000,std,1150.437,2.8055,0.0000,0,ok
f64,nearly_sorted,10000000,unl,234.213,1.0000,8.2500,82500008,ok
f64,nearly_sorted,10000000,b16m,222.450,0.9498,1.6777,16777216,ok
f64,nearly_sorted,10000000,b1m,213.200,0.9103,0.1049,1048576,ok
f64,nearly_sorted,10000000,std,350.703,1.4974,0.0000,0,ok
f64,duplicates,10000000,unl,111.527,1.0000,8.2500,82500008,ok
f64,duplicates,10000000,b16m,130.394,1.1692,1.6777,16777216,ok
f64,duplicates,10000000,b1m,161.350,1.4467,0.1049,1048576,ok
f64,duplicates,10000000,std,381.499,3.4207,0.0000,0,ok
rec16,random,10000000,unl,540.529,1.0000,16.2500,162500008,ok
rec16,random,10000000,b16m,339.424,0.6279,1.6777,16777216,ok
rec16,random,10000000,b1m,343.315,0.6351,0.1049,1048576,ok
rec16,random,10000000,std,1013.272,1.8746,0.0000,0,ok
rec16,nearly_sorted,10000000,unl,221.736,1.0000,16.2500,162500008,ok
rec16,nearly_sorted,10000000,b16m,217.208,0.9796,1.6777,16777216,ok
rec16,nearly_sorted,10000000,b1m,226.618,1.0220,0.1049,1048576,ok
rec16,nearly_sorted,10000000,std,268.402,1.2105,0.0000,0,ok
rec16,duplicates,10000000,unl,181.253,1.0000,16.0000,160000048,ok
rec16,duplicates,10000000,b16m,105.082,0.5798,1.6777,16777216,ok
rec16,duplicates,10000000,b1m,108.529,0.5988,0.1049,1048576,ok
rec16,duplicates,10000000,std,358.227,1.9764,0.0000,0,ok
rec72,random,10000000,unl,3261.947,1.0000,72.2500,722500008,ok
rec72,random,10000000,b16m,881.451,0.2702,1.6777,16777192,ok
rec72,random,10000000,b1m,827.097,0.2536,0.1049,1048512,ok
rec72,random,10000000,std,1563.735,0.4794,0.0000,0,ok
rec72,nearly_sorted,10000000,unl,1783.651,1.0000,72.2500,722500008,ok
rec72,nearly_sorted,10000000,b16m,578.460,0.3243,1.6777,16777192,ok
rec72,nearly_sorted,10000000,b1m,598.225,0.3354,0.1049,1048512,ok
rec72,nearly_sorted,10000000,std,953.974,0.5348,0.0000,0,ok
rec72,duplicates,10000000,unl,1699.894,1.0000,72.0000,720000048,ok
rec72,duplicates,10000000,b16m,349.814,0.2058,1.6777,16777192,ok
rec72,duplicates,10000000,b1m,346.694,0.2040,0.1049,1048512,ok
rec72,duplicates,10000000,std,1154.828,0.6794,0.0000,0,ok
rec264,random,10000000,unl,22121.209,1.0000,264.2500,2642500008,ok
rec264,random,10000000,b16m,5083.419,0.2298,1.6777,16776976,ok
rec264,random,10000000,b1m,4932.123,0.2230,0.1049,1048552,ok
rec264,random,10000000,std,5604.873,0.2534,0.0000,0,ok
rec264,nearly_sorted,10000000,unl,18080.287,1.0000,264.2500,2642500008,ok
rec264,nearly_sorted,10000000,b16m,1629.383,0.0901,1.6777,16776976,ok
rec264,nearly_sorted,10000000,b1m,1626.658,0.0900,0.1049,1048552,ok
rec264,nearly_sorted,10000000,std,2054.451,0.1136,0.0000,0,ok
rec264,duplicates,10000000,unl,18074.710,1.0000,264.0000,2640000048,ok
rec264,duplicates,10000000,b16m,1145.528,0.0634,1.6777,16776976,ok
rec264,duplicates,10000000,b1m,1193.834,0.0660,0.1049,1048552,ok
rec264,duplicates,10000000,std,5644.280,0.3123,0.0000,0,ok
